<?xml version='1.0' encoding='UTF-8'?>
<manifest xmlns="http://www.imsglobal.org/xsd/imsccv1p1/imscp_v1p1" xmlns:lom="http://ltsc.ieee.org/xsd/imsccv1p1/LOM/resource" xmlns:imsmd="http://www.imsglobal.org/xsd/imsmd_v1p2" xmlns:xsi="http://www.w3.org/2001/XMLSchema-instance" identifier="b3a613d453394811bc8caf7ac38e162b" xsi:schemaLocation="http://www.imsglobal.org/xsd/imsccv1p1/imscp_v1p1 http://www.imsglobal.org/xsd/imscp_v1p1.xsd http://ltsc.ieee.org/xsd/imsccv1p1/LOM/resource http://www.imsglobal.org/profile/cc/ccv1p1/LOM/ccv1p1_lomresource_v1p0.xsd http://www.imsglobal.org/xsd/imsmd_v1p2 http://www.imsglobal.org/xsd/imsmd_v1p2p2.xsd">
  <metadata>
    <schema>IMS Content</schema>
    <schemaversion>1.1.3</schemaversion>
    <imsmd:lom>
      <imsmd:general>
        <imsmd:title>
          <imsmd:string>QTI Quiz Export</imsmd:string>
        </imsmd:title>
      </imsmd:general>
    </imsmd:lom>
  </metadata>
  <organizations/>
  <resources>
    <resource identifier="g0d14b848e91f48e896f30d3e6a427f88" type="imsqti_xmlv1p2">
      <file href="g0d14b848e91f48e896f30d3e6a427f88/g0d14b848e91f48e896f30d3e6a427f88.xml"/>
      <dependency identifierref="ca6fbe61da0449e6a1a27a83b8ad1638"/>
    </resource>
    <resource identifier="ca6fbe61da0449e6a1a27a83b8ad1638" type="associatedcontent/imscc_xmlv1p1/learning-application-resource" href="g0d14b848e91f48e896f30d3e6a427f88/assessment_meta.xml">
      <file href="g0d14b848e91f48e896f30d3e6a427f88/assessment_meta.xml"/>
    </resource>
  </resources>
</manifest>
