<?xml version='1.0' encoding='UTF-8'?>
<quiz xmlns="http://canvas.instructure.com/xsd/cccv1p0" xmlns:xsi="http://www.w3.org/2001/XMLSchema-instance" identifier="g0d14b848e91f48e896f30d3e6a427f88" xsi:schemaLocation="http://canvas.instructure.com/xsd/cccv1p0 https://canvas.instructure.com/xsd/cccv1p0.xsd">
  <title>Week 5 Quiz</title>
  <description/>
  <shuffle_questions>false</shuffle_questions>
  <shuffle_answers>false</shuffle_answers>
  <quiz_type>assignment</quiz_type>
  <points_possible>1.0</points_possible>
  <allowed_attempts>1</allowed_attempts>
  <scoring_policy>keep_highest</scoring_policy>
</quiz>
