<?xml version='1.0' encoding='UTF-8'?>
<questestinterop xmlns="http://www.imsglobal.org/xsd/ims_qtiasiv1p2" xmlns:xsi="http://www.w3.org/2001/XMLSchema-instance" xsi:schemaLocation="http://www.imsglobal.org/xsd/ims_qtiasiv1p2 http://www.imsglobal.org/xsd/ims_qtiasiv1p2p1.xsd">
  <assessment ident="g0d14b848e91f48e896f30d3e6a427f88" title="Week 5 Quiz">
    <section ident="root_section">
      <item ident="13ffac48379a47fbbf6879f765a20a4d" title="Question 1">
        <itemmetadata>
          <qtimetadata>
            <qtimetadatafield>
              <fieldlabel>question_type</fieldlabel>
              <fieldentry>multiple_choice_question</fieldentry>
            </qtimetadatafield>
            <qtimetadatafield>
              <fieldlabel>points_possible</fieldlabel>
              <fieldentry>1.0</fieldentry>
            </qtimetadatafield>
          </qtimetadata>
        </itemmetadata>
        <presentation>
          <material>
            <mattext texttype="text/html">&lt;p&gt;How does Scikit-Learn know that an Estimator has not yet been fitted?&lt;/p&gt;</mattext>
          </material>
          <response_lid ident="response1" rcardinality="Single">
            <render_choice>
              <response_label ident="55c74e34-9a9f-4499-8be5-43587ef41b84">
                <material>
                  <mattext texttype="text/html">&lt;p&gt;The &lt;code&gt;predict()&lt;/code&gt; method does not yet exist&lt;/p&gt;</mattext>
                </material>
              </response_label>
              <response_label ident="ea39ab01-0706-47a0-bdd4-097e99ee6b1b">
                <material>
                  <mattext texttype="text/html">&lt;p&gt;The prediction is always 0&lt;/p&gt;</mattext>
                </material>
              </response_label>
              <response_label ident="bf2ab8a0-c483-4de0-901d-53a5e4a0d3d8">
                <material>
                  <mattext texttype="text/html">&lt;p&gt;The train performance is bad&lt;/p&gt;</mattext>
                </material>
              </response_label>
              <response_label ident="9bbdcfbf-aa20-4ea0-abb3-474a1914811b">
                <material>
                  <mattext texttype="text/html">&lt;p&gt;The test performance is bad&lt;/p&gt;</mattext>
                </material>
              </response_label>
              <response_label ident="7ab00b28-6ebd-4e75-8631-c091d33d6c5d">
                <material>
                  <mattext texttype="text/html">&lt;p&gt;Some other way&lt;/p&gt;</mattext>
                </material>
              </response_label>
            </render_choice>
          </response_lid>
        </presentation>
        <resprocessing>
          <outcomes>
            <decvar maxvalue="100" minvalue="0" varname="SCORE" vartype="Decimal"/>
          </outcomes>
          <respcondition continue="No">
            <conditionvar>
              <varequal respident="response1">7ab00b28-6ebd-4e75-8631-c091d33d6c5d</varequal>
            </conditionvar>
            <setvar action="Set" varname="SCORE">100</setvar>
          </respcondition>
        </resprocessing>
      </item>
      <item ident="b725d454d9de496c8de5981f8a50f4e8" title="Question 2">
        <itemmetadata>
          <qtimetadata>
            <qtimetadatafield>
              <fieldlabel>question_type</fieldlabel>
              <fieldentry>multiple_choice_question</fieldentry>
            </qtimetadatafield>
            <qtimetadatafield>
              <fieldlabel>points_possible</fieldlabel>
              <fieldentry>1.0</fieldentry>
            </qtimetadatafield>
          </qtimetadata>
        </itemmetadata>
        <presentation>
          <material>
            <mattext texttype="text/html">&lt;p&gt;Which one of these is correct, assuming we want a &lt;code&gt;defaultdict&lt;/code&gt; where the default is &lt;code&gt;0&lt;/code&gt;?&lt;/p&gt;</mattext>
          </material>
          <response_lid ident="response1" rcardinality="Single">
            <render_choice>
              <response_label ident="d3525687-341c-4f1b-a840-2cf5b9c7eb23">
                <material>
                  <mattext texttype="text/html">&lt;code&gt;d = defaultdict(0)&lt;/code&gt;</mattext>
                </material>
              </response_label>
              <response_label ident="c119014f-42a6-498c-9999-73ed4703f739">
                <material>
                  <mattext texttype="text/html">&lt;code&gt;d = defaultdict(int)&lt;/code&gt;</mattext>
                </material>
              </response_label>
              <response_label ident="d68ef9e9-c1a7-45c4-bfb5-5a23107c392f">
                <material>
                  <mattext texttype="text/html">&lt;code&gt;d = defaultdict(lambda: int)&lt;/code&gt;</mattext>
                </material>
              </response_label>
              <response_label ident="c4c9eb0f-445d-4557-9fdd-bb478de25b3b">
                <material>
                  <mattext texttype="text/html">&lt;p&gt;None of the above&lt;/p&gt;</mattext>
                </material>
              </response_label>
            </render_choice>
          </response_lid>
        </presentation>
        <resprocessing>
          <outcomes>
            <decvar maxvalue="100" minvalue="0" varname="SCORE" vartype="Decimal"/>
          </outcomes>
          <respcondition continue="No">
            <conditionvar>
              <varequal respident="response1">d68ef9e9-c1a7-45c4-bfb5-5a23107c392f</varequal>
            </conditionvar>
            <setvar action="Set" varname="SCORE">100</setvar>
          </respcondition>
        </resprocessing>
      </item>
      <item ident="8a5874043c3a43769bf8f846e65880f8" title="Question 3">
        <itemmetadata>
          <qtimetadata>
            <qtimetadatafield>
              <fieldlabel>question_type</fieldlabel>
              <fieldentry>multiple_choice_question</fieldentry>
            </qtimetadatafield>
            <qtimetadatafield>
              <fieldlabel>points_possible</fieldlabel>
              <fieldentry>1.0</fieldentry>
            </qtimetadatafield>
          </qtimetadata>
        </itemmetadata>
        <presentation>
          <material>
            <mattext texttype="text/html">&lt;p&gt;What result do we get from this code?&lt;/p&gt;&lt;p&gt;&lt;pre&gt;A = np.zeros((3, 2))&lt;/p&gt;&lt;p&gt;B = np.ones(3)&lt;/p&gt;&lt;p&gt;C = A + B&lt;/pre&gt;&lt;/p&gt;</mattext>
          </material>
          <response_lid ident="response1" rcardinality="Single">
            <render_choice>
              <response_label ident="6da3408a-a80e-4611-baa2-4868b8e1897c">
                <material>
                  <mattext texttype="text/html">&lt;code&gt;C&lt;/code&gt; has shape &lt;code&gt;(3, 2)&lt;/code&gt;</mattext>
                </material>
              </response_label>
              <response_label ident="7ab84c40-97a1-41f7-b3cf-dca1f0c0b3a4">
                <material>
                  <mattext texttype="text/html">&lt;code&gt;C&lt;/code&gt; has shape &lt;code&gt;(2, 3)&lt;/code&gt;</mattext>
                </material>
              </response_label>
              <response_label ident="090bda46-3efa-4f4c-805c-9ae79f7f68a4">
                <material>
                  <mattext texttype="text/html">&lt;code&gt;C&lt;/code&gt; has shape &lt;code&gt;(2,)&lt;/code&gt;</mattext>
                </material>
              </response_label>
              <response_label ident="3e7e3954-68b9-49bd-9ccd-a8c6d8800370">
                <material>
                  <mattext texttype="text/html">&lt;code&gt;C&lt;/code&gt; has shape &lt;code&gt;(3,)&lt;/code&gt;</mattext>
                </material>
              </response_label>
              <response_label ident="7d935ec3-bcf4-4f6f-ae21-3c7978688c38">
                <material>
                  <mattext texttype="text/html">&lt;code&gt;C&lt;/code&gt; has shape &lt;code&gt;(3, 2, 3)&lt;/code&gt;</mattext>
                </material>
              </response_label>
              <response_label ident="e81a4d5d-388f-4f48-b96b-60f50ffbe5f2">
                <material>
                  <mattext texttype="text/html">&lt;code&gt;C&lt;/code&gt; has shape &lt;code&gt;(3, 6)&lt;/code&gt;</mattext>
                </material>
              </response_label>
              <response_label ident="958cda9f-9603-4281-8c3d-830c971e355a">
                <material>
                  <mattext texttype="text/html">&lt;code&gt;ValueError&lt;/code&gt;</mattext>
                </material>
              </response_label>
            </render_choice>
          </response_lid>
        </presentation>
        <resprocessing>
          <outcomes>
            <decvar maxvalue="100" minvalue="0" varname="SCORE" vartype="Decimal"/>
          </outcomes>
        </resprocessing>
      </item>
      <item ident="b330bd6584404200a955aadf262be863" title="Question 4">
        <itemmetadata>
          <qtimetadata>
            <qtimetadatafield>
              <fieldlabel>question_type</fieldlabel>
              <fieldentry>multiple_answers_question</fieldentry>
            </qtimetadatafield>
            <qtimetadatafield>
              <fieldlabel>points_possible</fieldlabel>
              <fieldentry>1.0</fieldentry>
            </qtimetadatafield>
          </qtimetadata>
        </itemmetadata>
        <presentation>
          <material>
            <mattext texttype="text/html">&lt;p&gt;Which are correct? Select zero, one, or more.&lt;/p&gt;</mattext>
          </material>
          <response_lid ident="response1" rcardinality="Multiple">
            <render_choice>
              <response_label ident="04a3427e-e5b3-46a2-b188-3b0a9f22f32f">
                <material>
                  <mattext texttype="text/html">&lt;p&gt;In Python, the floating-point system gives more small rounding errors than in Java, C or other languages&lt;/p&gt;</mattext>
                </material>
              </response_label>
              <response_label ident="995c746a-e91b-4a06-8474-dcdfe989b1fb">
                <material>
                  <mattext texttype="text/html">&lt;p&gt;In Python, when using the &lt;code&gt;==&lt;/code&gt; operator with &lt;code&gt;float&lt;/code&gt;s, if the left- and right-hand sides are close but not identical, the operator still returns True&lt;/p&gt;</mattext>
                </material>
              </response_label>
              <response_label ident="2a523593-5197-439e-be97-a8405caabae3">
                <material>
                  <mattext texttype="text/html">&lt;p&gt;In Python, the smallest number that can be represented by a &lt;code&gt;float&lt;/code&gt; is known as machine epsilon, approximately &lt;code&gt;10**-6&lt;/code&gt;&lt;/p&gt;</mattext>
                </material>
              </response_label>
              <response_label ident="10a5865c-54f4-4b48-8c8b-e93625f77118">
                <material>
                  <mattext texttype="text/html">&lt;p&gt;In Python, the difference between a &lt;code&gt;float&lt;/code&gt; &lt;code&gt;x&lt;/code&gt; and the next larger &lt;code&gt;float&lt;/code&gt; &lt;code&gt;y&lt;/code&gt; is a small number that depends on the value of &lt;code&gt;x&lt;/code&gt;.&lt;/p&gt;</mattext>
                </material>
              </response_label>
            </render_choice>
          </response_lid>
        </presentation>
        <resprocessing>
          <outcomes>
            <decvar maxvalue="100" minvalue="0" varname="SCORE" vartype="Decimal"/>
          </outcomes>
          <respcondition continue="No">
            <conditionvar>
              <varequal respident="response1">10a5865c-54f4-4b48-8c8b-e93625f77118</varequal>
            </conditionvar>
            <setvar action="Set" varname="SCORE">100</setvar>
          </respcondition>
        </resprocessing>
      </item>
      <item ident="d544b98885be4e7e83ae7efefceafd7c" title="Question 5">
        <itemmetadata>
          <qtimetadata>
            <qtimetadatafield>
              <fieldlabel>question_type</fieldlabel>
              <fieldentry>multiple_choice_question</fieldentry>
            </qtimetadatafield>
            <qtimetadatafield>
              <fieldlabel>points_possible</fieldlabel>
              <fieldentry>1.0</fieldentry>
            </qtimetadatafield>
          </qtimetadata>
        </itemmetadata>
        <presentation>
          <material>
            <mattext texttype="text/html">&lt;p&gt;What result do we get from &lt;code&gt;itertools.combinations('ABCD', r=2)&lt;/code&gt;?&lt;/p&gt;</mattext>
          </material>
          <response_lid ident="response1" rcardinality="Single">
            <render_choice>
              <response_label ident="83d657e8-24e1-43c5-ba78-b8891b39b7f9">
                <material>
                  <mattext texttype="text/html">&lt;p&gt;A &lt;code&gt;list&lt;/code&gt; of 2 items&lt;/p&gt;</mattext>
                </material>
              </response_label>
              <response_label ident="84945899-76ef-4016-8c12-e856f82482c1">
                <material>
                  <mattext texttype="text/html">&lt;p&gt;A generator that will &lt;code&gt;yield&lt;/code&gt; 2 items&lt;/p&gt;</mattext>
                </material>
              </response_label>
              <response_label ident="b49bae64-ed2e-4281-92fb-3385df989532">
                <material>
                  <mattext texttype="text/html">&lt;p&gt;A &lt;code&gt;list&lt;/code&gt; of 6 items&lt;/p&gt;</mattext>
                </material>
              </response_label>
              <response_label ident="1e914eb9-29e8-4c40-a93e-b80861038a84">
                <material>
                  <mattext texttype="text/html">&lt;p&gt;A generator that will &lt;code&gt;yield&lt;/code&gt; 6 items&lt;/p&gt;</mattext>
                </material>
              </response_label>
              <response_label ident="94b089cb-b192-4c9b-9d3e-b3948a6d87b2">
                <material>
                  <mattext texttype="text/html">&lt;p&gt;An error&lt;/p&gt;</mattext>
                </material>
              </response_label>
            </render_choice>
          </response_lid>
        </presentation>
        <resprocessing>
          <outcomes>
            <decvar maxvalue="100" minvalue="0" varname="SCORE" vartype="Decimal"/>
          </outcomes>
          <respcondition continue="No">
            <conditionvar>
              <varequal respident="response1">1e914eb9-29e8-4c40-a93e-b80861038a84</varequal>
            </conditionvar>
            <setvar action="Set" varname="SCORE">100</setvar>
          </respcondition>
        </resprocessing>
      </item>
      <item ident="f21150b0bbf744edb3faccca1a74b291" title="Question 6">
        <itemmetadata>
          <qtimetadata>
            <qtimetadatafield>
              <fieldlabel>question_type</fieldlabel>
              <fieldentry>multiple_choice_question</fieldentry>
            </qtimetadatafield>
            <qtimetadatafield>
              <fieldlabel>points_possible</fieldlabel>
              <fieldentry>1.0</fieldentry>
            </qtimetadatafield>
          </qtimetadata>
        </itemmetadata>
        <presentation>
          <material>
            <mattext texttype="text/html">&lt;p&gt;What is the result of &lt;code&gt;np.array([1, 2, 3]) &gt; 2&lt;/code&gt;?&lt;/p&gt;</mattext>
          </material>
          <response_lid ident="response1" rcardinality="Single">
            <render_choice>
              <response_label ident="f78eed5a-1016-4566-8235-83fb231d851f">
                <material>
                  <mattext texttype="text/html">&lt;code&gt;array([False, False, True])&lt;/code&gt;</mattext>
                </material>
              </response_label>
              <response_label ident="14dd2cf8-aaf6-4ad7-b54a-30004f875280">
                <material>
                  <mattext texttype="text/html">&lt;code&gt;[False, False, True]&lt;/code&gt;</mattext>
                </material>
              </response_label>
              <response_label ident="5bdd5588-8dfd-4e0d-a015-b8010a1df2d0">
                <material>
                  <mattext texttype="text/html">&lt;code&gt;True&lt;/code&gt;</mattext>
                </material>
              </response_label>
              <response_label ident="2b037658-ecd8-4aa3-bfbd-f414607cd991">
                <material>
                  <mattext texttype="text/html">&lt;code&gt;1&lt;/code&gt;</mattext>
                </material>
              </response_label>
            </render_choice>
          </response_lid>
        </presentation>
        <resprocessing>
          <outcomes>
            <decvar maxvalue="100" minvalue="0" varname="SCORE" vartype="Decimal"/>
          </outcomes>
          <respcondition continue="No">
            <conditionvar>
              <varequal respident="response1">f78eed5a-1016-4566-8235-83fb231d851f</varequal>
            </conditionvar>
            <setvar action="Set" varname="SCORE">100</setvar>
          </respcondition>
        </resprocessing>
      </item>
      <item ident="54954d1363d342ed83b91489fa324839" title="Question 7">
        <itemmetadata>
          <qtimetadata>
            <qtimetadatafield>
              <fieldlabel>question_type</fieldlabel>
              <fieldentry>multiple_choice_question</fieldentry>
            </qtimetadatafield>
            <qtimetadatafield>
              <fieldlabel>points_possible</fieldlabel>
              <fieldentry>1.0</fieldentry>
            </qtimetadatafield>
          </qtimetadata>
        </itemmetadata>
        <presentation>
          <material>
            <mattext texttype="text/html">&lt;p&gt;What is the result of &lt;code&gt;[] + []&lt;/code&gt;?&lt;/p&gt;</mattext>
          </material>
          <response_lid ident="response1" rcardinality="Single">
            <render_choice>
              <response_label ident="24720c9d-695d-4be1-896f-b59de4335701">
                <material>
                  <mattext texttype="text/html">&lt;code&gt;[]&lt;/code&gt;</mattext>
                </material>
              </response_label>
              <response_label ident="fcd689b2-14dd-495b-9783-be572114bb38">
                <material>
                  <mattext texttype="text/html">&lt;code&gt;[[]]&lt;/code&gt;</mattext>
                </material>
              </response_label>
              <response_label ident="c61345fa-ee35-446b-950e-bbdc50136eb0">
                <material>
                  <mattext texttype="text/html">&lt;p&gt;An error&lt;/p&gt;</mattext>
                </material>
              </response_label>
              <response_label ident="136ca5d0-3285-4d9b-996f-5a4e9fe1eb36">
                <material>
                  <mattext texttype="text/html">&lt;code&gt;None&lt;/code&gt;</mattext>
                </material>
              </response_label>
            </render_choice>
          </response_lid>
        </presentation>
        <resprocessing>
          <outcomes>
            <decvar maxvalue="100" minvalue="0" varname="SCORE" vartype="Decimal"/>
          </outcomes>
          <respcondition continue="No">
            <conditionvar>
              <varequal respident="response1">24720c9d-695d-4be1-896f-b59de4335701</varequal>
            </conditionvar>
            <setvar action="Set" varname="SCORE">100</setvar>
          </respcondition>
        </resprocessing>
      </item>
      <item ident="a68517fbe35e47fc81586b85977554a2" title="Question 8">
        <itemmetadata>
          <qtimetadata>
            <qtimetadatafield>
              <fieldlabel>question_type</fieldlabel>
              <fieldentry>multiple_choice_question</fieldentry>
            </qtimetadatafield>
            <qtimetadatafield>
              <fieldlabel>points_possible</fieldlabel>
              <fieldentry>1.0</fieldentry>
            </qtimetadatafield>
          </qtimetadata>
        </itemmetadata>
        <presentation>
          <material>
            <mattext texttype="text/html">&lt;p&gt;Which of these is an example of canonicalisation?&lt;/p&gt;</mattext>
          </material>
          <response_lid ident="response1" rcardinality="Single">
            <render_choice>
              <response_label ident="075b3cf4-34e9-49ef-a490-e80906f077d6">
                <material>
                  <mattext texttype="text/html">&lt;p&gt;When a person becomes a saint&lt;/p&gt;</mattext>
                </material>
              </response_label>
              <response_label ident="48bfea6c-dfab-4be0-8dc7-807d09f4f4c5">
                <material>
                  <mattext texttype="text/html">&lt;p&gt;When an algorithm is proved to be optimal for a given problem, and it is added to the standard library+&lt;/p&gt;</mattext>
                </material>
              </response_label>
              <response_label ident="f8c46c47-a0fb-4b26-b122-24fe465c4598">
                <material>
                  <mattext texttype="text/html">&lt;p&gt;When we convert all input strings to a lower-case form and remove all punctuation before further processing&lt;/p&gt;</mattext>
                </material>
              </response_label>
              <response_label ident="6968b22f-4774-4463-a14d-1c3e39ae5245">
                <material>
                  <mattext texttype="text/html">&lt;p&gt;When we scale all input values to the range &lt;code&gt;[0, 1]&lt;/code&gt;&lt;/p&gt;</mattext>
                </material>
              </response_label>
              <response_label ident="a1fd898c-2d0f-49ef-ac83-49a3d7c296b8">
                <material>
                  <mattext texttype="text/html">&lt;p&gt;None of the above&lt;/p&gt;</mattext>
                </material>
              </response_label>
            </render_choice>
          </response_lid>
        </presentation>
        <resprocessing>
          <outcomes>
            <decvar maxvalue="100" minvalue="0" varname="SCORE" vartype="Decimal"/>
          </outcomes>
          <respcondition continue="No">
            <conditionvar>
              <varequal respident="response1">f8c46c47-a0fb-4b26-b122-24fe465c4598</varequal>
            </conditionvar>
            <setvar action="Set" varname="SCORE">100</setvar>
          </respcondition>
        </resprocessing>
      </item>
      <item ident="e59493876c1a4708bb6821ad9cc81789" title="Question 9">
        <itemmetadata>
          <qtimetadata>
            <qtimetadatafield>
              <fieldlabel>question_type</fieldlabel>
              <fieldentry>multiple_choice_question</fieldentry>
            </qtimetadatafield>
            <qtimetadatafield>
              <fieldlabel>points_possible</fieldlabel>
              <fieldentry>1.0</fieldentry>
            </qtimetadatafield>
          </qtimetadata>
        </itemmetadata>
        <presentation>
          <material>
            <mattext texttype="text/html">&lt;p&gt;What is &lt;code&gt;{1, 2, 3} &amp; {2, 3, 4}&lt;/code&gt;?&lt;/p&gt;</mattext>
          </material>
          <response_lid ident="response1" rcardinality="Single">
            <render_choice>
              <response_label ident="24c34b2e-3779-40c2-bd2a-fffd212b9d88">
                <material>
                  <mattext texttype="text/html">&lt;code&gt;{2, 3}&lt;/code&gt;</mattext>
                </material>
              </response_label>
              <response_label ident="584301a7-37f1-4cd9-a70a-7536ee65e54b">
                <material>
                  <mattext texttype="text/html">&lt;code&gt;{1, 2, 3, 4}&lt;/code&gt;</mattext>
                </material>
              </response_label>
              <response_label ident="3208d617-37d7-4e16-8d5a-0740414f16e1">
                <material>
                  <mattext texttype="text/html">&lt;code&gt;{1, 4}&lt;/code&gt;</mattext>
                </material>
              </response_label>
              <response_label ident="6003acd1-2c76-494b-bd70-25edae32bfe0">
                <material>
                  <mattext texttype="text/html">&lt;code&gt;TypeError&lt;/code&gt;</mattext>
                </material>
              </response_label>
            </render_choice>
          </response_lid>
        </presentation>
        <resprocessing>
          <outcomes>
            <decvar maxvalue="100" minvalue="0" varname="SCORE" vartype="Decimal"/>
          </outcomes>
          <respcondition continue="No">
            <conditionvar>
              <varequal respident="response1">584301a7-37f1-4cd9-a70a-7536ee65e54b</varequal>
            </conditionvar>
            <setvar action="Set" varname="SCORE">100</setvar>
          </respcondition>
        </resprocessing>
      </item>
    </section>
  </assessment>
</questestinterop>
